<PAMDataset>
  <PAMRasterBand band="1">
    <Histograms>
      <HistItem>
        <HistMin>-0.292860746383667</HistMin>
        <HistMax>0.5358386039733887</HistMax>
        <BucketCount>256</BucketCount>
        <IncludeOutOfRange>1</IncludeOutOfRange>
        <Approximate>0</Approximate>
        <HistCounts>4|0|0|0|0|0|0|0|0|0|0|1|1|1|0|0|0|2|4|0|2|0|3|2|1|5|0|1|2|2|8|3|5|9|5|13|10|9|14|10|15|19|12|11|27|17|19|24|25|21|29|29|39|35|40|54|55|60|62|72|64|75|99|99|104|94|119|122|124|113|131|122|128|160|151|159|145|158|209|161|202|220|221|226|248|263|302|312|325|356|362|394|421|399|491|585|495|624|632|696|704|798|868|859|1027|1045|1072|1120|1143|1112|1139|1068|1060|981|901|890|782|752|692|716|674|674|549|553|473|423|413|362|278|260|214|201|161|129|100|104|67|100|42|68|33|38|23|16|26|22|7|6|1|1|0|0|0|0|0|0|0|0|0|0|0|0|0|0|0|0|0|0|0|0|0|0|0|0|0|0|0|0|0|0|0|0|0|0|1|0|0|0|0|0|0|0|0|0|0|0|0|0|0|0|0|0|1|0|0|0|0|2|0|2|3|4|0|0|1|2|1|2|0|0|3|0|0|0|0|0|0|1|0|0|0|1|3|0|0|0|0|1|0|0|0|0|0|0|0|0|0|0|1|0|0|0|0|0|0|1</HistCounts>
      </HistItem>
    </Histograms>
    <Metadata>
      <MDI key="STATISTICS_MINIMUM">-0.29286074638367</MDI>
      <MDI key="STATISTICS_MAXIMUM">0.53583860397339</MDI>
      <MDI key="STATISTICS_MEAN">0.047840944342145</MDI>
      <MDI key="STATISTICS_STDDEV">0.057632246435231</MDI>
      <MDI key="STATISTICS_MEDIAN">0.054868</MDI>
      <MDI key="STATISTICS_COUNT">35870.000000</MDI>
      <MDI key="STATISTICS_SKIPFACTORX">1</MDI>
      <MDI key="STATISTICS_SKIPFACTORY">1</MDI>
      <MDI key="STATISTICS_EXCLUDEDVALUES"></MDI>
      <MDI key="STATISTICS_COVARIANCES">0.003321475829171251</MDI>
    </Metadata>
  </PAMRasterBand>
</PAMDataset>
