<?xml version="1.0"?>
<!--<!DOCTYPE metadata SYSTEM "http://www.esri.com/metadata/esriprof80.dtd">-->
<metadata xml:lang="fr"><Esri><CreaDate>20250525</CreaDate><CreaTime>16435700</CreaTime><SyncOnce>TRUE</SyncOnce><DataProperties><lineage><Process ToolSource="C:\Program Files (x86)\ArcGIS\ArcToolbox\Toolboxes\Data Management Tools.tbx\Project" Date="20150203" Time="093409">Project B_V_Algeire E:\stratégie_ZH_2015\SIG_BD_ZH\SIG_stratégie_ZH\MAP_info_Bassin_versant\B_V_Algeire_Project.shp GEOGCS['GCS_WGS_1984',DATUM['D_WGS_1984',SPHEROID['WGS_1984',6378137.0,298.257223563]],PRIMEM['Greenwich',0.0],UNIT['Degree',0.0174532925199433]] # "GEOGCS['Generic Lat/Long's, Degrees, -180 ==&gt; +180',DATUM['D_Unknown',SPHEROID['World_Geodetic_System_of_1984',6378137.0,298.257223563]],PRIMEM['Greenwich',0.0],UNIT['Degree',0.0174532925199433]]"</Process></lineage></DataProperties><ArcGISFormat>1.0</ArcGISFormat></Esri><idinfo><citation><citeinfo><onlink Sync="TRUE">\\SEVEN-PC\E$\stratégie_ZH_2015\MENAD\Projet_Strategie_ZH_Algerie_09032015\Fichier_SHP\Bassin_versant</onlink></citeinfo></citation></idinfo><distInfo><distributor><distorTran><onLineSrc><linkage Sync="TRUE">file://\\SEVEN-PC\E$\stratégie_ZH_2015\MENAD\Projet_Strategie_ZH_Algerie_09032015\Fichier_SHP\Bassin_versant</linkage><protocol Sync="TRUE">Local Area Network</protocol></onLineSrc></distorTran></distributor></distInfo><dataqual><lineage><procstep><procdesc Sync="TRUE">Jeu de données copié.</procdesc><srcused Sync="TRUE"></srcused><procdate Sync="TRUE">20150214</procdate><proctime Sync="TRUE">09442600</proctime></procstep><procstep><procdesc Sync="TRUE">Jeu de données déplacé.</procdesc><srcused Sync="TRUE">E:\stratégie_ZH_2015\MENAD\Projet_Strategie_ZH_Algerie_09032015\Bassin_versant</srcused><procdate Sync="TRUE">20150309</procdate><proctime Sync="TRUE">10283800</proctime></procstep></lineage></dataqual></metadata>
